section,radius (in),AOA (deg),chord (in),LE x-position,LE z-position,airfoil
0,5,19,0.2755907,0.13779535,-0.28,
1,4.75,13,0.3543309,0.2362206,-0.18,
2,4,17,0.5905515,0.3543309,-0.1,
3,3,22,0.88582725,0.4724412,0,
4,2,30,1.0236226,0.5511814,0.12,
5,1,47,0.84645715,0.37401595,0.22,
6,0.6,42,0.7480319,0.3543309,0.08,
7,0.375,24,0.6692917,0.37401595,-0.04,
